GS 300,sedan
COOPER,wagon
TOWN AND COUNTRY,van
ION,sedan
MAXIMA,sedan
SX4,wagon
SSR,coupe
CALIBER,wagon
COMMANDER,suv
AVALANCHE 1500,truck
COBALT,sedan
DTS,sedan
ES 330,sedan
CAPTIVA SPORT,wagon
STS,sedan
MARINER,suv
AVENGER,sedan
HHR,suv
RAM 1500,truck
LR4,suv
ACCORD CROSSTOUR,sedan
XD,wagon
AVEO,sedan
RANGER,truck
325,sedan
350Z,coupe
LIBERTY,wagon
SOLARA,coupe
TSX,sedan
TRAILBLAZER,suv
G37,sedan
QX56,suv
GALANT,sedan
MALIBU HYBRID,sedan
GRAND PRIX,sedan
GS 430,sedan
SEBRING,sedan
TRIBUTE,suv
ML350,suv
M35,sedan
SOLSTICE,coupe
FX35,wagon
G25,sedan
RX-8,sedan
TL,sedan
HS 250H,sedan
ROUTAN,van
G35,sedan
RONDO,van
VIBE,wagon
RANGE ROVER,suv
RANGE ROVER SPORT,suv
RL,sedan
300 C SRT,coupe
MAZDA2,wagon
VUE,suv
GRAND MARQUIS,sedan
LR2,suv
128,wagon
S40,sedan
MONTEGO,sedan
FORENZA,sedan
PRIUS,wagon
GRAND VITARA,suv
RIDGELINE,truck
ELEMENT,suv
NAVIGATOR L,suv
CHALLENGER SRT-8,coupe
SKY,coupe
DAKOTA,truck
CUBE,wagon
ESCAPE HYBRID,suv
TRIBECA,suv
CROWN VICTORIA,sedan
M45,sedan
MILAN,sedan
GX 470,sedan
LS 430,sedan
RABBIT,wagon
NEON,sedan
SIERRA 2500,truck
E-350,van
SC 430,coupe
EXPLORER SPORT,suv
XC90,suv
ENVOY,suv
FJ CRUISER,suv
SILVERADO 2500,truck
RAM 3500,truck
ECLIPSE,wagon
545,sedan
M37,sedan
GTI,wagon
TRAILBLAZER EXT,suv
LUCERNE,sedan
PACIFICA,van
CLK350,sedan
V50,wagon
XLR,convertible
INSIGHT,sedan
CENTURY,sedan
RIO5,wagon
ASPEN,suv
PT CRUISER,wagon
NITRO,suv
E-250,van
CX-7,suv
FREESTYLE,suv
TOWN CAR,sedan
135,wagon
H3,suv
G6,sedan
ENTOURAGE,convertible
RAM 2500,truck
KIZASHI,sedan
EX35,suv
S2000,convertible
RSX,coupe
SPECTRA,wagon
EXPRESS 3500,van
L300,van
I35,sedan
RX 330,wagon
MATRIX,wagon
AURA,wagon
THUNDERBIRD,sedan
H2,suv
ES 300,sedan
335,sedan
ML500,suv
AMANTI,sedan
ASTRA,wagon
G3,sedan
RS4,sedan
CAVALIER,coupe
C30,wagon
R320,wagon
RX 400H,suv
VERACRUZ,suv
645,sedan
LESABRE,sedan
EXPLORER SPORT TRAC,suv
TORRENT,suv
G8,sedan
330,sedan
LX 470,sedan
CR-Z,wagon
EXCURSION,suv
GRAND CHEROKEE SRT-8,suv
M56,sedan
CLK55 AMG,sedan
ZEPHYR,coupe
FX37,suv
PROTEGE5,wagon
ENDEAVOR,suv
ALTIMA HYBRID,sedan
JX35,suv
TIBURON,coupe
SABLE,sedan
CROSSFIRE,coupe
X-TYPE,sedan
RANGE ROVER EVOQUE,suv
RODEO,suv
G5,coupe
NV 1500,van
CARAVAN,van
525,sedan
ENVOY XL,suv
MOUNTAINEER,suv
FIVE HUNDRED,sedan
F150 HERITAGE,truck
FX45,suv
MONTE CARLO,coupe
E-150,van
M35H,sedan
C-MAX,wagon
OUTLOOK,suv
CL600,sedan
TRANSIT CONNECT,van
C70,convertible
MPV,van
EXPRESS 1500,van
RENO,sedan
B9 TRIBECA,suv
MAGNUM,wagon
TAURUS X,suv
TAHOE HYBRID,suv
IS F,sedan
SIERRA 3500,truck
AVIATOR,suv
S-10,sedan
B3000,sedan
BORREGO,suv
RENDEZVOUS,suv
XA,wagon
IS 300,sedan
R350,van
CHARGER SRT-8,sedan
XL-7,suv
RX 300,suv
RAIDER,truck
LS,sedan
CELICA,sedan
RAINIER,suv
PANAMERA,sedan
LR3,suv
ZDX,coupe 
GTO,coupe
UPLANDER,van
530,sedan
STRATUS,sedan
H3T,suv
VUE HYBRID,suv
FIREBIRD,coupe
DEVILLE,sedan
FREESTAR,van
CLK500,sedan
MAGNUM SRT-8,wagon
GRAND AM,coupe
GLI,sedan
SILVERADO 3500,truck
ENVOY XUV,suv
MALIBU CLASSIC,sedan
SILVERADO HYBRID,truck
PRIUS PLUG IN HYBRID,wagon
CROSSFIRE SRT-6,coupe
640 B640,sedan
EX37,suv
SEVILLE,sedan
YUKON HYBRID,suv
CLK550,sedan
ASCENDER,suv
ML63 AMG,suv
V70,sedan
CALIBER SRT-4,wagon
QX4,suv
300M,sedan
RAM SRT 10,truck
CLK320,sedan
S-TYPE,sedan
XG350,sedan
B2300,wagon
CL550,sedan
MURANO CROSS CABRIOLET,wagon
R32,wagon
XJ8,coupe
PARK AVENUE,sedan
EQUATOR,truck
SONOMA,truck
CABRIO,convertible
AZTEK,suv
ECHO,wagon
BAJA,truck
SILVERADO CLASSIC,truck
BLAZER,suv
SILVERADO 1500 HD,truck
TRACKER,suv
MONTERO SPORT,suv
ESCALADE HYBRID,suv
MARK LT,truck
SL1,sedan
TERRAZA,van
CLK430,sedan
MONTEREY,van
MR2 SPYDER,coupe
SUBURBAN 2500,suv
SIERRA CLASSIC,truck
MARINER HYBRID,suv
ML550,suv
FX50,wagon
NV 2500,van
SPECTRA5,wagon
AERIO,wagon
MARAUDER,sedan
SAVANA 1500,van
ML320,suv
XKR,coupe
R500,wagon
PROTEGE,sedan
AVALANCHE 2500,truck
i-350,truck
745,sedan
BONNEVILLE,sedan
MILAN HYBRID,sedan
1M,coupe
BRAVADA,suv
750 HYBRID,sedan
i-290,truck
CLK63 AMG Black Series,sedan
XJR,sedan
FOCUS ELECTRIC,wagon
MONTERO,suv
AURORA,sedan
RX-7,sedan
SAFARI,van
ASTRO,van
VENTURE,van
CLK63 AMG,sedan
Z3,coupe
ESCORT,sedan
MONTANA,van
ALERO,sedan
Q45,suv
CL,coupe
PHAETON,sedan
SC2,coupe
EUROVAN,van
GS 460,sedan
SUNFIRE,coupe
SIERRA 1500 HD,truck
WINDSTAR,van
5-Sep,
626,sedan
DIAMANTE,sedan
G20,sedan
L200,truck
SIERRA HYBRID,truck
300ZX,coupe
CL63 AMG,sedan
3-Sep,
RELAY,van
i-280,truck
YUKON XL 2500,suv
QUATTROPORTE,sedan
H1,suv
XK8,coupe
X6 HYBRID,suv
ELISE,coupe
335 HYBRID,sedan
CL55 AMG,sedan
RAM C/V,van
AURA HYBRID,sedan
VIPER,coupe
LW300,wagon
VERONA,sedan
ASCENDER EXT,suv
B4000,truck
ILX HYBRID,sedan
SL2,sedan
CONCORDE,sedan
C/V,van
DEFENDER,suv
L100,sedan
VILLAGER,van
INTRIGUE,sedan
R10,truck
CONTINENTAL,sedan
SC1,coupe
i-MIEV,wagon
TRIBUTE HYBRID,suv
540,sedan
G30,sedan
SUPRA,coupe
9-2X,wagon
RAM 5500,truck
RS6,wagon
CL500,sedan
LW200,wagon
SC 400,coupe
ASPEN HYBRID,suv
F550,truck