GS 300,sedan
COOPER,wagon
TOWN AND COUNTRY,van
ION,sedan
MAXIMA,sedan
SX4,wagon
SSR,coupe
CALIBER,wagon
COMMANDER,suv
AVALANCHE 1500,truck
COBALT,sedan
DTS,sedan
ES 330,sedan
CAPTIVA SPORT,wagon
STS,sedan
MARINER,suv
AVENGER,sedan
HHR,suv
RAM 1500,truck
LR4,suv
ACCORD CROSSTOUR,sedan
XD,wagon
AVEO,sedan
RANGER,truck
325,sedan
350Z,coupe
LIBERTY,wagon
SOLARA,coupe
TSX,sedan
TRAILBLAZER,suv
G37,sedan
QX56,suv
GALANT,sedan
MALIBU HYBRID,sedan
GRAND PRIX,sedan
GS 430,sedan
SEBRING,sedan
TRIBUTE,suv
ML350,suv
M35,sedan
SOLSTICE,coupe
FX35,wagon
G25,sedan
RX-8,sedan
TL,sedan
HS 250H,sedan
ROUTAN,van
G35,sedan
RONDO,van
VIBE,wagon
RANGE ROVER,suv
RANGE ROVER SPORT,suv
RL,sedan
300 C SRT,coupe
MAZDA2,wagon
VUE,suv
GRAND MARQUIS,sedan
LR2,suv
128,wagon
S40,sedan
MONTEGO,sedan
FORENZA,sedan
PRIUS,wagon
GRAND VITARA,suv
RIDGELINE,truck
ELEMENT,suv
NAVIGATOR L,suv
CHALLENGER SRT-8,coupe
SKY,coupe
DAKOTA,truck
CUBE,wagon
ESCAPE HYBRID,suv
TRIBECA,suv
CROWN VICTORIA,sedan
M45,sedan
MILAN,sedan
GX 470,sedan
LS 430,sedan
RABBIT,wagon
NEON,sedan
SIERRA 2500,truck
E-350,van
SC 430,coupe
EXPLORER SPORT,suv
XC90,suv
ENVOY,suv
FJ CRUISER,suv
SILVERADO 2500,truck
RAM 3500,truck
ECLIPSE,wagon
545,sedan
M37,sedan
GTI,wagon
TRAILBLAZER EXT,suv
LUCERNE,sedan
PACIFICA,van
CLK350,sedan
V50,wagon
XLR,convertible
INSIGHT,sedan
CENTURY,sedan
RIO5,wagon
ASPEN,suv
PT CRUISER,wagon
NITRO,suv
E-250,van
CX-7,suv
FREESTYLE,suv
TOWN CAR,sedan
135,wagon
H3,suv
G6,sedan
ENTOURAGE,convertible
RAM 2500,truck
KIZASHI,sedan
EX35,suv
S2000,convertible
RSX,coupe
SPECTRA,wagon
EXPRESS 3500,van
L300,van
I35,sedan
RX 330,wagon
MATRIX,wagon
AURA,wagon
THUNDERBIRD,sedan
H2,suv
ES 300,sedan
335,sedan
ML500,suv
AMANTI,sedan
ASTRA,wagon
G3,sedan
RS4,sedan
CAVALIER,coupe
C30,wagon
R320,wagon
RX 400H,suv
VERACRUZ,suv
645,sedan
LESABRE,sedan
EXPLORER SPORT TRAC,suv
TORRENT,suv
G8,sedan
330,sedan
LX 470,sedan
CR-Z,wagon
EXCURSION,suv
GRAND CHEROKEE SRT-8,suv
M56,sedan
CLK55 AMG,sedan
ZEPHYR,
FX37,
PROTEGE5,
ENDEAVOR,
ALTIMA HYBRID,sedan
JX35,
TIBURON,
SABLE,
CROSSFIRE,
X-TYPE,
RANGE ROVER EVOQUE,
RODEO,
G5,
NV 1500,
CARAVAN,
525,sedan
ENVOY XL,
MOUNTAINEER,
FIVE HUNDRED,
F150 HERITAGE,
FX45,
MONTE CARLO,
E-150,van
M35H,
C-MAX,
OUTLOOK,
CL600,sedan
TRANSIT CONNECT,
C70,
MPV,
EXPRESS 1500,
RENO,
B9 TRIBECA,
MAGNUM,
TAURUS X,
TAHOE HYBRID,suv
IS F,
SIERRA 3500,truck
AVIATOR,
S-10,sedan
B3000,
BORREGO,
RENDEZVOUS,
XA,
IS 300,
R350,
CHARGER SRT-8,sedan
XL-7,
RX 300,
RAIDER,
LS,
CELICA,
RAINIER,
PANAMERA,
LR3,suv
ZDX,
GTO,
UPLANDER,
530,
STRATUS,
H3T,
VUE HYBRID,
FIREBIRD,
DEVILLE,
FREESTAR,
CLK500,sedan
MAGNUM SRT-8,
GRAND AM,
GLI,
SILVERADO 3500,truck
ENVOY XUV,
MALIBU CLASSIC,
SILVERADO HYBRID,truck
PRIUS PLUG IN HYBRID,
CROSSFIRE SRT-6,
640 B640,
EX37,
SEVILLE,
YUKON HYBRID,
CLK550,sedan
ASCENDER,
ML63 AMG,suv
V70,sedan
CALIBER SRT-4,
QX4,suv
300M,
RAM SRT 10,
CLK320,sedan
S-TYPE,sedan
XG350,
B2300,
CL550,sedan
MURANO CROSS CABRIOLET,
R32,
XJ8,
PARK AVENUE,
EQUATOR,
SONOMA,
CABRIO,
AZTEK,
ECHO,
BAJA,
SILVERADO CLASSIC,truck
BLAZER,
SILVERADO 1500 HD,truck
TRACKER,
MONTERO SPORT,
ESCALADE HYBRID,
MARK LT,
SL1,
TERRAZA,
CLK430,sedan
MONTEREY,
MR2 SPYDER,
SUBURBAN 2500,suv
SIERRA CLASSIC,truck
MARINER HYBRID,
ML550,suv
FX50,wagon
NV 2500,
SPECTRA5,
AERIO,
MARAUDER,
SAVANA 1500,
ML320,suv
XKR,
R500,
PROTEGE,
AVALANCHE 2500,truck
i-350,sedan
745,sedan
BONNEVILLE,
MILAN HYBRID,sedan
1M,
BRAVADA,
750 HYBRID,
i-290,wagon
CLK63 AMG Black Series,sedan
XJR,
FOCUS ELECTRIC,
MONTERO,
AURORA,
RX-7,sedan
SAFARI,
ASTRO,
VENTURE,
CLK63 AMG,sedan
Z3,coupe
ESCORT,
MONTANA,
ALERO,
Q45,suv
CL,
PHAETON,
SC2,
EUROVAN,
GS 460,sedan
SUNFIRE,
SIERRA 1500 HD,truck
WINDSTAR,
5-Sep,
626,sedan
DIAMANTE,
G20,sedan
L200,
SIERRA HYBRID,
300ZX,
CL63 AMG,sedan
3-Sep,
RELAY,
i-280,
YUKON XL 2500,
QUATTROPORTE,
H1,
XK8,
X6 HYBRID,
ELISE,
335 HYBRID,
CL55 AMG,
RAM C/V,
AURA HYBRID,
VIPER,coupe
LW300,
VERONA,
ASCENDER EXT,
B4000,
ILX HYBRID,
SL2,
CONCORDE,
C/V,van
DEFENDER,suv
L100,
VILLAGER,
INTRIGUE,
R10,
CONTINENTAL,
SC1,
i-MIEV,
TRIBUTE HYBRID,
540,
G30,sedan
SUPRA,coupe
9-2X,
RAM 5500,truck
RS6,wagon
CL500,sedan
LW200,wagon
SC 400,coupe
ASPEN HYBRID,suv
F550,truck